country,layoff_events,employees_laid_off,companies_affected
United States,1687,518812.0,1179
India,235,59216.0,168
Germany,87,30842.0,67
United Kingdom,75,21280.0,66
Netherlands,16,19125.0,12
Sweden,26,18059.0,17
Canada,118,15090.0,92
Brazil,74,11323.0,56
Israel,94,8543.0,75
China,14,8190.0,11
Singapore,30,7533.0,25
Indonesia,21,5711.0,19
Japan,3,4165.0,3
Australia,43,3633.0,37
Nigeria,19,2493.0,15
Kenya,8,2048.0,5
France,14,2028.0,11
New Zealand,5,1100.0,5
Cayman Islands,2,1060.0,2
United Arab Emirates,4,995.0,4
Austria,6,910.0,3
Ireland,10,862.0,10
Hong Kong,3,730.0,3
Denmark,6,619.0,6
Norway,6,605.0,4
Estonia,9,582.0,6
Spain,7,575.0,4
Chile,4,525.0,3
Switzerland,3,468.0,3
Poland,5,453.0,5
Russia,1,400.0,1
South Korea,2,395.0,2
Saudi Arabia,1,340.0,1
Argentina,5,323.0,5
Finland,2,320.0,2
Czech Republic,2,316.0,2
Senegal,1,300.0,1
Mexico,3,270.0,2
Romania,2,252.0,2
Cyprus,1,200.0,1
Myanmar,1,200.0,1
Portugal,3,181.0,2
Ghana,1,150.0,1
Colombia,2,130.0,2
Bulgaria,1,120.0,1
Uruguay,2,104.0,1
Malaysia,2,100.0,2
Seychelles,1,75.0,1
Lithuania,1,60.0,1
Thailand,1,55.0,1
Belgium,1,50.0,1
Ukraine,1,50.0,1
Luxembourg,1,45.0,1
Malta,1,29.0,1
