industry,layoff_events,employees_laid_off,median_event_size,companies_affected
Hardware,44,81428.0,305.5,26
Other,163,80491.0,100.0,117
Consumer,162,76468.0,100.0,104
Retail,222,73721.0,100.0,155
Transportation,172,64066.0,129.0,109
Finance,326,52173.0,70.5,246
Food,152,49584.0,127.0,102
Healthcare,203,38726.0,82.0,164
Travel,72,23370.0,137.0,48
Infrastructure,39,20614.0,60.0,29
Education,106,20359.0,95.0,71
Real Estate,95,20246.0,100.0,59
Sales,51,16678.0,70.0,33
Crypto,88,14370.0,72.0,70
Marketing,142,14155.0,52.0,112
Data,79,13014.0,80.0,63
HR,68,12462.0,58.5,56
Security,95,11465.0,70.0,74
Media,101,11138.0,48.0,74
Fitness,30,9841.0,135.0,22
Energy,27,9780.0,154.0,18
Support,42,7781.0,95.0,25
Manufacturing,17,7490.0,108.0,15
Logistics,48,5815.0,64.0,34
Recruiting,41,5677.0,58.0,30
Construction,12,3977.0,127.0,9
Aerospace,15,3472.0,100.0,10
Product,34,2126.0,35.5,29
Legal,13,1056.0,75.0,12
AI,13,462.0,20.0,13
,1,35.0,35.0,1
